my_qot_my_profile_app_settings_view_general_title,my_qot_my_profile_app_settings_view_title_general,,,,,
my_qot_my_profile_app_settings_view_notifications_title,my_qot_my_profile_app_settings_view_title_notifications,,,,,
my_qot_my_profile_app_settings_view_security_title,my_qot_my_profile_app_settings_view_title_security,,,,,
my_qot_my_profile_account_settings_view_company_title,my_qot_my_profile_account_settings_view_title_company,,,,,
my_qot_my_profile_account_settings_view_email_title,my_qot_my_profile_account_settings_view_title_email,,,,,
my_qot_my_profile_account_settings_view_first_name_title,my_qot_my_profile_account_settings_view_title_first_name,,,,,
my_qot_my_profile_account_settings_view_last_name_title,my_qot_my_profile_account_settings_view_title_last_name,,,,,
my_qot_my_profile_account_settings_view_dob_title,my_qot_my_profile_account_settings_view_title_dob,,,,,
my_qot_my_profile_account_settings_edit_company_title,my_qot_my_profile_account_settings_edit_title_company,,,,,
my_qot_my_profile_account_settings_edit_email_title,my_qot_my_profile_account_settings_edit_title_email,,,,,
my_qot_my_profile_account_settings_edit_dob_title,my_qot_my_profile_account_settings_edit_title_dob,,,,,
notifications_view_strategies_title,notifications_view_strategies_title,,,,,
notifications_view_daily_prep_title,notifications_view_daily_prep_title,,,,,
notifications_view_weekly_choices_title,notifications_view_weekly_choices_title,,,,,
my_qot_my_profile_account_settings_view_security_password_title,my_qot_my_profile_account_settings_view_security_password_title,,,,,
my_qot_my_profile_account_settings_view_security_confirm_title,my_qot_my_profile_account_settings_view_security_confirm_title,,,,,
my_qot_my_profile_account_settings_view_terms_title,my_qot_my_profile_account_settings_view_terms_title,,,,,
my_qot_my_profile_account_settings_view_copyright_title,my_qot_my_profile_account_settings_view_copyright_title,,,,,
my_qot_my_profile_account_settings_view_privacy_title,my_qot_my_profile_account_settings_view_privacy_title,,,,,
my_qot_my_profile_app_settings_synced_calendars_view_this_device_title,my_qot_my_profile_app_settings_synced_calendars_view_this_device_title,,,,,
my_qot_my_profile_app_settings_synced_calendars_view_other_devices_title,my_qot_my_profile_app_settings_synced_calendars_view_other_devices_title,,,,,
my_qot_my_tbv_view_title,my_qot_my_tbv_view_title,,,,,
my_qot_my_tbv_null_state_view_title,my_qot_my_tbv_null_state_view_title,,,,,
my_qot_my_tbv_navigation_bar_view_title,my_qot_my_tbv_navigation_bar_view_title,,,,,
my_qot_my_tbv_alert_update_title,my_qot_my_tbv_alert_update_title,,,,,
my_qot_my_tbv_alert_update_body,my_qot_my_tbv_alert_update_body,,,,,
my_qot_my_tbv_alert_edit_button,my_qot_my_tbv_alert_edit_button,,,,,
my_qot_my_tbv_alert_create_button,my_qot_my_tbv_alert_create_button,,,,,
my_qot_my_tbv_view_create_button,my_qot_my_tbv_view_create_button,,,,,
my_qot_account_settings_alert_logout_button,my_qot_account_settings_alert_logout_button,,,,,
my_qot_account_settings_view_logout_button,my_qot_account_settings_view_logout_button,,,,,
my_qot_my_profile_account_settings_view_logout_button,my_qot_my_profile_account_settings_view_logout_button,,,,,
payment_reminder_view_logout_button,payment_reminder_view_logout_button,,,,,
subscription_reminder_view_logout_button,subscription_reminder_view_logout_button,,,,,
tutorial_view_title,tutorial_view_title,,,,,
tutorial_view_skip_button,tutorial_view_skip_button,,,,,
tutorial_view_start_button,tutorial_view_start_button,,,,,
prepare_view_read_more_title,prepare_view_read_more_title,,,,,
prepare_choice_view_title,prepare_choice_view_title,,,,,
article_view_to_read_title,article_view_to_read_title,,,,,
article_pdf_view_to_read_title,article_pdf_view_to_read_title,,,,,
article_view_next_up_title,article_view_next_up_title,,,,,
article_view_related_content_title,article_view_related_content_title,,,,,
pdf_list_duration_title,pdf_list_duration_title,,,,,
video_list_duration_title,video_list_duration_title,,,,,
audio_list_duration_title,audio_list_duration_title,,,,,
my_qot_sensors_menu_no_data_title,my_qot_sensors_menu_no_data_title,,,,,
my_qot_sensors_menu_disconnected_title,my_qot_sensors_menu_disconnected_title,,,,,
my_qot_sensors_menu_connected_title,my_qot_sensors_menu_connected_title,,,,,
my_qot_sensors_menu_oura_title,my_qot_sensors_menu_oura_title,,,,,
my_qot_sensors_menu_health_kit_title,my_qot_sensors_menu_health_kit_title,,,,,
my_qot_sensors_menu_tracker_title,my_qot_sensors_menu_tracker_title,,,,,
article_view_invalid_content_title,article_view_invalid_content_title,,,,,
startup_alert_database_error_title,startup_alert_database_error_title,,,,,
startup_alert_database_error_body,startup_alert_database_error_body,,,,,
my_qot_my_tbv_alert_camera_not_available_title,my_qot_my_tbv_alert_camera_not_available_title,,,,,
my_qot_my_tbv_alert_camera_not_available_body,my_qot_my_tbv_alert_camera_not_available_body,,,,,
search_alert_no_content_title,search_alert_no_content_title,,,,,
generic_alert_custom_title,generic_alert_custom_title,,,,,
generic_alert_no_network_connection_title,generic_alert_no_network_connection_title,,,,,
generic_alert_no_network_connection_body,generic_alert_no_network_connection_body,,,,,
generic_alert_no_network_connection_file,generic_alert_no_network_connection_file,,,,,
generic_alert_unknown_title,generic_alert_unknown_title,,,,,
generic_alert_unknown_body,generic_alert_unknown_body,,,,,
generic_alert_unknown_custom_body,generic_alert_unknown_custom_body,,,,,
generic_alert_ok_button,generic_alert_ok_button,,,,,
video_alert_continue_button,video_alert_continue_button,,,,,
audio_alert_continue_button,audio_alert_continue_button,,,,,
prepare_alert_continue_button,prepare_alert_continue_button,,,,,
my_qot_my_library_alert_continue_button,my_qot_my_library_alert_continue_button,,,,,
my_qot_my_sprints_alert_continue_button,my_qot_my_sprints_alert_continue_button,,,,,
my_qot_my_profile_account_settings_alert_save_button,my_qot_my_profile_account_settings_alert_save_button,,,,,
coach_prepare_alert_save_button,coach_prepare_alert_save_button,,,,,
my_qot_my_sprints_alert_save_button,my_qot_my_sprints_alert_save_button,,,,,
coach_solve_results_alert_save_button,coach_solve_results_alert_save_button,,,,,
daily_brief_alert_copyright_text_title,daily_brief_alert_copyright_text_title,,,,,
my_qot_my_tbv_alert_settings_title,my_qot_my_tbv_alert_settings_title,,,,,
my_qot_my_profile_app_settings_notifications_alert_open_settings_title,my_qot_my_profile_app_settings_notifications_alert_open_settings_title,,,,,
login_alert_email_not_found_title,login_alert_email_not_found_title,,,,,
login_alert_email_not_found_body,login_alert_email_not_found_body,,,,,
my_qot_my_profile_support_alert_email_try_again,my_qot_my_profile_support_alert_email_try_again,,,,,
my_qot_my_profile_support_article_alert_email_try_again,my_qot_my_profile_support_article_alert_email_try_again,,,,,
my_qot_my_tbv_alert_camera_not_granted_body,my_qot_my_tbv_alert_camera_not_granted_body,,,,,
my_qot_my_tbv_alert_photo_not_granted_body,my_qot_my_tbv_alert_photo_not_granted_body,,,,,
my_qot_account_settings_alert_logout_body,my_qot_account_settings_alert_logout_body,,,,,
payment_reminder_alert_logout_body,payment_reminder_alert_logout_body,,,,,
subscription_reminder_alert_logout_body,subscription_reminder_alert_logout_body,,,,,
my_qot_my_profile_account_settings_alert_logout_body,my_qot_my_profile_account_settings_alert_logout_body,,,,,
coach_prepare_alert_calendar_not_synced_title,coach_prepare_alert_calendar_not_synced_title,,,,,
my_qot_my_profile_app_settings_notifications_alert_change_notifications_title,my_qot_my_profile_app_settings_notifications_alert_change_notifications_title,,,,,
my_qot_my_profile_app_settings_notifications_alert_change_notifications_body,my_qot_my_profile_app_settings_notifications_alert_change_notifications_body,,,,,
video_alert_use_mobile_data_title,video_alert_use_mobile_data_title,,,,,
video_alert_use_mobile_data_body,video_alert_use_mobile_data_body,,,,,
audio_alert_use_mobile_data_title,audio_alert_use_mobile_data_title,,,,,
audio_alert_use_mobile_data_body,audio_alert_use_mobile_data_body,,,,,
my_qot_my_library_alert_use_mobile_data_title,my_qot_my_library_alert_use_mobile_data_title,,,,,
my_qot_my_library_alert_use_mobile_data_body,my_qot_my_library_alert_use_mobile_data_body,,,,,
my_qot_my_tbv_edit_take_a_picture_title,my_qot_my_tbv_edit_take_a_picture_title,,,,,
my_qot_my_tbv_edit_choose_picture_title,my_qot_my_tbv_edit_choose_picture_title,,,,,
my_qot_my_tbv_edit_delete_photo_title,my_qot_my_tbv_edit_delete_photo_title,,,,,
my_qot_my_profile_app_settings_view_year_select_title,my_qot_my_profile_app_settings_view_year_select_title,,,,,
create_account_view_year_select_title,create_account_view_year_select_title,,,,,
tutorial_view_morning_done_title,tutorial_view_morning_done_title,,,,,
login_alert_failed_title,login_alert_failed_title,,,,,
search_edit_all_title,search_edit_all_title,,,,,
search_edit_read_title,search_edit_read_title,,,,,
search_edit_listen_title,search_edit_listen_title,,,,,
search_edit_watch_title,search_edit_watch_title,,,,,
search_edit_tools_title,search_edit_tools_title,,,,,
search_view_placeholder_title,search_view_placeholder_title,,,,,
home_view_whats_hot_article_title,home_view_whats_hot_article_title,,,,,
home_view_tools_title,home_view_tools_title,,,,,
home_view_review_my_data_title,home_view_review_my_data_title,,,,,
my_qot_view_my_plans_title,my_qot_view_my_plans_title,,,,,
my_qot_my_plans_view_title,my_qot_my_plans_view_title,,,,,
coach_solve_results_view_header_title_exclusive,coach_solve_results_view_header_title_exclusive,,,,,
coach_solve_results_view_header_title_strategies,coach_solve_results_view_header_title_strategies,,,,,
coach_solve_results_view_header_related_items_title_suggested,coach_solve_results_view_header_related_items_title_suggested,,,,,
coach_solve_results_view_header_strategy_items_title_suggested,coach_solve_results_view_header_strategy_items_title_suggested,,,,,
decision_tree_view_fatigue_symptom_cognitive_title,decision_tree_view_fatigue_symptom_cognitive_title,,,,,
decision_tree_view_fatigue_symptom_emotional_title,decision_tree_view_fatigue_symptom_emotional_title,,,,,
decision_tree_view_fatigue_symptom_physical_title,decision_tree_view_fatigue_symptom_physical_title,,,,,
decision_tree_view_fatigue_symptom_general_title,decision_tree_view_fatigue_symptom_general_title,,,,,
my_qot_view_my_tbv_more_than_subtitle,my_qot_view_my_tbv_more_than_subtitle,,,,,
my_qot_view_my_tbv_more_months_since_subtitle,my_qot_view_my_tbv_more_months_since_subtitle,,,,,
my_qot_view_my_tbv_less_than_subtitle,my_qot_view_my_tbv_less_than_subtitle,,,,,
my_qot_view_my_data_impact_subtitle,my_qot_view_my_data_impact_subtitle,,,,,
navigation_bar_view_save_changes_button,navigation_bar_view_save_changes_button,,,,,
generic_view_delete_button,generic_view_delete_button,,,,,
generic_view_cancel_button,generic_view_cancel_button,,,,,
my_qot_my_plans_view_yes_continue_button,my_qot_my_plans_view_yes_continue_button,,,,,
navigation_bar_view_leave_button,navigation_bar_view_leave_button,,,,,
audio_view_download_button,audio_view_download_button,,,,,
audio_view_waiting_button,audio_view_waiting_button,,,,,
audio_view_downloading_button,audio_view_downloading_button,,,,,
audio_view_downloaded_button,audio_view_downloaded_button,,,,,
video_view_download_button,video_view_download_button,,,,,
video_view_downloading_button,video_view_downloading_button,,,,,
video_view_downloaded_button,video_view_downloaded_button,,,,,
my_qot_my_tbv_rate_view_done_button,my_qot_my_tbv_rate_view_done_button,,,,,
my_qot_my_tbv_rate_view_rate_button,my_qot_my_tbv_rate_view_rate_button,,,,,
my_qot_my_tbv_view_done_button,my_qot_my_tbv_view_done_button,,,,,
my_qot_my_tbv_view_next_duration_button,my_qot_my_tbv_view_next_duration_button,,,,,
daily_brief_daily_checkin_view_done_button,daily_brief_daily_checkin_view_done_button,,,,,
daily_brief_daily_checkin_view_hours_subtitle,daily_brief_daily_checkin_view_hours_subtitle,,,,,
daily_brief_daily_checkin_vew_hours_more_subtitle,daily_brief_daily_checkin_vew_hours_more_subtitle,,,,,
decision_tree_view_info_body_in_progress,decision_tree_view_info_body_in_progress,,,,,
my_qot_my_sprints_my_sprint_details_view_sprint_tasks_title,my_qot_my_sprints_my_sprint_details_view_sprint_tasks_title,,,,,
my_qot_my_sprints_my_sprint_details_view_my_plan_title,my_qot_my_sprints_my_sprint_details_view_my_plan_title,,,,,
my_qot_my_sprints_my_sprint_details_view_my_notes_title,my_qot_my_sprints_my_sprint_details_view_my_notes_title,,,,,
my_qot_my_sprints_my_sprint_details_view_highlights_title,my_qot_my_sprints_my_sprint_details_view_highlights_title,,,,,
my_qot_my_sprints_my_sprint_details_view_strategies_title,my_qot_my_sprints_my_sprint_details_view_strategies_title,,,,,
my_qot_my_sprints_my_sprint_details_view_benefits_title,my_qot_my_sprints_my_sprint_details_view_benefits_title,,,,,
my_qot_my_sprints_my_sprint_details_view_upcoming_body,my_qot_my_sprints_my_sprint_details_view_upcoming_body,,,,,
my_qot_my_sprints_my_sprint_details_view_active_body,my_qot_my_sprints_my_sprint_details_view_active_body,,,,,
my_qot_my_sprints_my_sprint_details_view_notes_body,my_qot_my_sprints_my_sprint_details_view_notes_body,,,,,
my_qot_my_sprints_my_sprint_details_view_takeaways_button,my_qot_my_sprints_my_sprint_details_view_takeaways_button,,,,,
my_qot_my_sprints_my_sprint_details_view_continue_button,my_qot_my_sprints_my_sprint_details_view_continue_button,,,,,
my_qot_my_sprints_my_sprint_details_view_start_sprint_button,my_qot_my_sprints_my_sprint_details_view_start_sprint_button,,,,,
my_qot_my_sprints_my_sprint_details_view_pause_sprint_button,my_qot_my_sprints_my_sprint_details_view_pause_sprint_button,,,,,
my_qot_my_sprints_my_sprint_details_view_yes_pause_button,my_qot_my_sprints_my_sprint_details_view_yes_pause_button,,,,,
my_qot_my_sprints_my_sprint_details_view_continue_sprint_button,my_qot_my_sprints_my_sprint_details_view_continue_sprint_button,,,,,
my_qot_my_sprints_my_sprint_details_view_restart_sprint_button,my_qot_my_sprints_my_sprint_details_view_restart_sprint_button,,,,,
my_qot_my_sprints_my_sprint_details_view_pause_sprint_title,my_qot_my_sprints_my_sprint_details_view_pause_sprint_title,,,,,
my_qot_my_sprints_my_sprint_details_view_replan_sprint_title,my_qot_my_sprints_my_sprint_details_view_replan_sprint_title,,,,,
my_qot_my_sprints_my_sprint_details_view_sprint_in_progress_title,my_qot_my_sprints_my_sprint_details_view_sprint_in_progress_title,,,,,
my_qot_my_sprints_my_sprint_details_view_pause_sprint_info_title,my_qot_my_sprints_my_sprint_details_view_pause_sprint_info_title,,,,,
my_qot_my_sprints_my_sprint_details_view_replan_sprint_info_title,my_qot_my_sprints_my_sprint_details_view_replan_sprint_info_title,,,,,
my_qot_my_sprints_my_sprint_details_view_sprint_in_progress_info_title,my_qot_my_sprints_my_sprint_details_view_sprint_in_progress_info_title,,,,,
my_qot_my_sprints_my_sprint_details_view_save_button,my_qot_my_sprints_my_sprint_details_view_save_button,,,,,
my_qot_my_sprints_my_sprint_details_view_cancel_button,my_qot_my_sprints_my_sprint_details_view_cancel_button,,,,,
my_qot_my_sprints_my_sprint_details_view_leave_button,my_qot_my_sprints_my_sprint_details_view_leave_button,,,,,
my_qot_my_sprints_my_sprint_details_view_leave_title,my_qot_my_sprints_my_sprint_details_view_leave_title,,,,,
my_qot_my_sprints_my_sprint_details_view_leave_body,my_qot_my_sprints_my_sprint_details_view_leave_body,,,,,
daily_brief_daily_checkin_empty_start_your_dc_in_title,daily_brief_daily_checkin_empty_start_your_dc_in_title,,,,,
daily_brief_daily_checkin_view_explore_your_score_title,daily_brief_daily_checkin_view_explore_your_score_title,,,,,
daily_brief_customize_view_sleep_intro_title,daily_brief_customize_view_sleep_intro_title,,,,,
daily_brief_customize_view_sleep_question_title,daily_brief_customize_view_sleep_question_title,,,,,
create_account_email_verification_view_general_error_title,create_account_email_verification_view_general_error_title,,,,,
login_view_title,login_view_title,,,,,
login_view_your_email_title,login_view_your_email_title,,,,,
login_view_email_description_title,login_view_email_description_title,,,,,
login_view_email_error_title,login_view_email_error_title,,,,,
login_view_user_doesnt_exist_title,login_view_user_doesnt_exist_title,,,,,
login_view_generic_error_title,login_view_generic_error_title,,,,,
login_view_pre_code_title,login_view_pre_code_title,,,,,
login_view_code_description_title,login_view_code_description_title,,,,,
login_view_code_error_title,login_view_code_error_title,,,,,
login_view_button_gethelp,login_view_button_gethelp,,,,,
login_view_button_resend_code,login_view_button_resend_code,,,,,
create_info_view_button_create_account,create_info_view_button_create_account,,,,,
create_info_view_description_title,create_info_view_description_title,,,,,
create_account_email_verification_view_title,create_account_email_verification_view_title,,,,,
create_account_email_verification_view_email_placeholder_title,create_account_email_verification_view_email_placeholder_title,,,,,
create_account_email_verification_view_button_next,create_account_email_verification_view_button_next,,,,,
create_account_email_verification_view_email_error_title,create_account_email_verification_view_email_error_title,,,,,
create_account_email_verification_view_existing_email_error_title,create_account_email_verification_view_existing_email_error_title,,,,,
create_account_email_verification_view_existing_email_error_description,create_account_email_verification_view_existing_email_error_description,,,,,
create_account_email_verification_view_unable_to_register_error,create_account_email_verification_view_unable_to_register_error,,,,,
create_account_email_verification_view_button_yes,create_account_email_verification_view_button_yes,,,,,
create_account_email_verification_view_button_no,create_account_email_verification_view_button_no,,,,,
create_account_code_verification_view_title,create_account_code_verification_view_title,,,,,
create_account_code_verification_view_description_title,create_account_code_verification_view_description_title,,,,,
create_account_code_verification_view_code_title,create_account_code_verification_view_code_title,,,,,
create_account_code_verification_view_disclaimer_error_title,create_account_code_verification_view_disclaimer_error_title,,,,,
create_account_code_verification_view_disclaimer_title,create_account_code_verification_view_disclaimer_title,,,,,
create_account_code_verification_view_disclaimer_terms_placeholder_title,create_account_code_verification_view_disclaimer_terms_placeholder_title,,,,,
create_account_code_verification_view_disclaimer_privacy_placeholder_title,create_account_code_verification_view_disclaimer_privacy_placeholder_title,,,,,
create_account_code_verification_view_code_info_title,create_account_code_verification_view_code_info_title,,,,,
create_account_code_verification_view_change_email_title,create_account_code_verification_view_change_email_title,,,,,
create_account_code_verification_view_send_again_title,create_account_code_verification_view_send_again_title,,,,,
create_account_code_verification_view_help_title,create_account_code_verification_view_help_title,,,,,
create_account_code_verification_view_code_error_title,create_account_code_verification_view_code_error_title,,,,,
create_account_code_verification_view_send_code_error_title,create_account_code_verification_view_send_code_error_title,,,,,
create_account_user_name_view_title,create_account_user_name_view_title,,,,,
create_account_user_name_view_first_name_title,create_account_user_name_view_first_name_title,,,,,
create_account_user_name_view_last_name_title,create_account_user_name_view_last_name_title,,,,,
create_account_user_name_view_mandatory_title,create_account_user_name_view_mandatory_title,,,,,
create_account_user_name_view_next_title,create_account_user_name_view_next_title,,,,,
create_account_birth_year_view_title,create_account_birth_year_view_title,,,,,
create_account_birth_year_view_placeholder_title,create_account_birth_year_view_placeholder_title,,,,,
create_account_birth_year_view_description_title,create_account_birth_year_view_description_title,,,,,
create_account_birth_year_view_restriction_title,create_account_birth_year_view_restriction_title,,,,,
create_account_birth_year_view_next_title,create_account_birth_year_view_next_title,,,,,
track_info_view_welcome_title,track_info_view_welcome_title,,,,,
track_info_view_welcome_body,track_info_view_welcome_body,,,,,
track_info_view_button_fast_track_title,track_info_view_button_fast_track_title,,,,,
track_info_view_button_guided_track_title,track_info_view_button_guided_track_title,,,,,
know_view_title,know_view_title,,,,,
daily_brief_view_title,daily_brief_view_title,,,,,
my_qot_view_title,my_qot_view_title,,,,,
my_qot_my_preps_event_preps_view_subtitle,my_qot_my_preps_event_preps_view_subtitle,,,,,
my_qot_my_preps_event_preps_view_body,my_qot_my_preps_event_preps_view_body,,,,,
my_qot_my_preps_mindset_shifts_view_subtitle,my_qot_my_preps_mindset_shifts_view_subtitle,,,,,
my_qot_my_preps_mindset_shifts_view_body,my_qot_my_preps_mindset_shifts_view_body,,,,,
my_qot_my_preps_recovery_plans_view_subtitle,my_qot_my_preps_recovery_plans_view_subtitle,,,,,
my_qot_my_preps_recovery_plans_view_body,my_qot_my_preps_recovery_plans_view_body,,,,,
my_qot_my_preps_alert_delete_title,my_qot_my_preps_alert_delete_title,,,,,
my_qot_my_preps_alert_delete_body,my_qot_my_preps_alert_delete_body,,,,,
coach_solve_alert_leave_title,coach_solve_alert_leave_title,,,,,
coach_solve_alert_leave_body,coach_solve_alert_leave_body,,,,,
coach_solve_alert_button_continue,coach_solve_alert_button_continue,,,,,
coach_solve_alert_button_activate,coach_solve_alert_button_activate,,,,,
my_qot_my_library_notes_view_add_button,my_qot_my_library_notes_view_add_button,,,,,
my_qot_my_library_all_view_title,my_qot_my_library_all_view_title,,,,,
my_qot_my_library_bookmarks_view_title,my_qot_my_library_bookmarks_view_title,,,,,
my_qot_my_library_downloads_view_title,my_qot_my_library_downloads_view_title,,,,,
my_qot_my_library_links_view_title,my_qot_my_library_links_view_title,,,,,
my_qot_my_library_notes_view_title,my_qot_my_library_notes_view_title,,,,,
my_qot_my_library_all_edit_title,my_qot_my_library_all_edit_title,,,,,
my_qot_my_library_bookmarks_edit_tille,my_qot_my_library_bookmarks_edit_tille,,,,,
my_qot_my_library_downloads_edit_title,my_qot_my_library_downloads_edit_title,,,,,
my_qot_my_library_links_edit_title,my_qot_my_library_links_edit_title,,,,,
my_qot_my_library_notes_edit_title,my_qot_my_library_notes_edit_title,,,,,
my_qot_my_library_items_alert_delete_title,my_qot_my_library_items_alert_delete_title,,,,,
my_qot_my_library_items_alert_delete_body,my_qot_my_library_items_alert_delete_body,,,,,
my_qot_my_library_items_view_button_download,my_qot_my_library_items_view_button_download,,,,,
my_qot_my_library_all_view_all_items_title,my_qot_my_library_all_view_all_items_title,,,,,
my_qot_my_library_bookmarks_view_your_bookmarked_title,my_qot_my_library_bookmarks_view_your_bookmarked_title,,,,,
my_qot_my_library_downloads_view_your_download_title,my_qot_my_library_downloads_view_your_download_title,,,,,
my_qot_my_library_links_view_your_links_title,my_qot_my_library_links_view_your_links_title,,,,,
my_qot_my_library_notes_view_your_notes_title,my_qot_my_library_notes_view_your_notes_title,,,,,
my_qot_my_library_all_view_subtitle,my_qot_my_library_all_view_subtitle,,,,,
my_qot_my_library_bookmarks_view_subtitle,my_qot_my_library_bookmarks_view_subtitle,,,,,
my_qot_my_library_downloads_view_subtitle,my_qot_my_library_downloads_view_subtitle,,,,,
my_qot_my_library_links_view_subtitle,my_qot_my_library_links_view_subtitle,,,,,
my_qot_my_library_notes_view_subtitle2,my_qot_my_library_notes_view_subtitle2,,,,,
my_qot_my_library_media_download_view_downloading_title,my_qot_my_library_media_download_view_downloading_title,,,,,
my_qot_my_library_media_download_view_waiting_title,my_qot_my_library_media_download_view_waiting_title,,,,,
my_qot_my_library_items_view_read_title,my_qot_my_library_items_view_read_title,,,,,
my_qot_my_library_items_view_watch_title,my_qot_my_library_items_view_watch_title,,,,,
my_qot_my_library_items_view_listen_title,my_qot_my_library_items_view_listen_title,,,,,
my_qot_my_library_notes_view_placeholder,my_qot_my_library_notes_view_placeholder,,,,,
my_qot_my_library_notes_edit_button,my_qot_my_library_notes_edit_button,,,,,
my_qot_my_library_notes_add_alert_save_title,my_qot_my_library_notes_add_alert_save_title,,,,,
my_qot_my_library_notes_add_alert_save_body,my_qot_my_library_notes_add_alert_save_body,,,,,
my_qot_my_library_notes_add_alert_cancel_button,my_qot_my_library_notes_add_alert_cancel_button,,,,,
my_qot_my_library_notes_add_alert_continue_button,my_qot_my_library_notes_add_alert_continue_button,,,,,
my_qot_my_library_notes_alert_delete_title,my_qot_my_library_notes_alert_delete_title,,,,,
my_qot_my_library_notes_alert_delete_body,my_qot_my_library_notes_alert_delete_body,,,,,
my_qot_my_library_notes_alert_continue_button,my_qot_my_library_notes_alert_continue_button,,,,,
my_qot_my_library_notes_alert_cancel_button,my_qot_my_library_notes_alert_cancel_button,,,,,
my_qot_my_sprints_empty_title,my_qot_my_sprints_empty_title,,,,,
my_qot_my_sprints_edit_title,my_qot_my_sprints_edit_title,,,,,
my_qot_my_sprints_view_sprint_plan_title,my_qot_my_sprints_view_sprint_plan_title,,,,,
my_qot_my_sprints_alert_remove_title,my_qot_my_sprints_alert_remove_title,,,,,
my_qot_my_sprints_alert_remove_body,my_qot_my_sprints_alert_remove_body,,,,,
my_qot_my_sprints_empty_subtitle,my_qot_my_sprints_empty_subtitle,,,,,
my_qot_my_sprints_empty_body,my_qot_my_sprints_empty_body,,,,,
my_qot_my_sprints_view_active_title,my_qot_my_sprints_view_active_title,,,,,
my_qot_my_sprints_view_upcoming_title,my_qot_my_sprints_view_upcoming_title,,,,,
my_qot_my_sprints_view_paused_title,my_qot_my_sprints_view_paused_title,,,,,
my_qot_my_sprints_view_completed_at_title,my_qot_my_sprints_view_completed_at_title,,,,,
my_qot_my_tbv_view_button_title_my_tbv_data,my_qot_my_tbv_view_button_title_my_tbv_data,,,,,
my_qot_my_tbv_empty_auto_generate_button,my_qot_my_tbv_empty_auto_generate_button,,,,,
my_qot_my_tbv_empty_write_button,my_qot_my_tbv_empty_write_button,,,,,
my_qot_my_tbv_view_updated_comment_subtitle,my_qot_my_tbv_view_updated_comment_subtitle,,,,,
my_qot_my_tbv_view_rated_comment_subtitle,my_qot_my_tbv_view_rated_comment_subtitle,,,,,
my_qot_my_tbv_tracker_view_your_last_rating_title,my_qot_my_tbv_tracker_view_your_last_rating_title,,,,,
my_qot_my_tbv_questionaire_view_customize_title,my_qot_my_tbv_questionaire_view_customize_title,,,,,
my_qot_my_tbv_questionaire_view_customize_body,my_qot_my_tbv_questionaire_view_customize_body,,,,,
my_qot_my_tbv_questionaire_view_rate_yourself_body,my_qot_my_tbv_questionaire_view_rate_yourself_body,,,,,
my_qot_my_tbv_questionaire_view_rate_never_title,my_qot_my_tbv_questionaire_view_rate_never_title,,,,,
my_qot_my_tbv_questionaire_view_rate_sometimes_title,my_qot_my_tbv_questionaire_view_rate_sometimes_title,,,,,
my_qot_my_tbv_questionaire_view_rate_always_title,my_qot_my_tbv_questionaire_view_rate_always_title,,,,,
know_strategy_view_performance_title,know_strategy_view_performance_title,,,,,
know_article_view_mark_as_read_title,know_article_view_mark_as_read_title,,,,,
know_article_view_mark_as_unread_title,know_article_view_mark_as_unread_title,,,,,
coach_prepare_alert_calendar_not_synced_body,coach_prepare_alert_calendar_not_synced_body,,,,,
coach_solve_results_view_solution_title,coach_solve_results_view_solution_title,,,,,
coach_solve_results_view_answers_title,coach_solve_results_view_answers_title,,,,,
coach_solve_results_view_fatigue_title,coach_solve_results_view_fatigue_title,,,,,
coach_solve_results_view_cause_title,coach_solve_results_view_cause_title,,,,,
my_qot_calendars_view_button_skip,my_qot_calendars_view_button_skip,,,,,
my_qot_calendars_view_button_save,my_qot_calendars_view_button_save,,,,,
daily_brief_weather_view_now_title,daily_brief_weather_view_now_title,,,,,
walkthrough_view_got_it_button,walkthrough_view_got_it_button,,,,,
daily_brief_impact_readiness_view_rolling_data_title,daily_brief_impact_readiness_view_rolling_data_title,,,,,
daily_brief_whats_hot_view_subtitle_title,daily_brief_whats_hot_view_subtitle_title,,,,,
sign_in_onboarding_view_intro_title,sign_in_onboarding_view_intro_title,,,,,
sign_in_onboarding_view_intro_body,sign_in_onboarding_view_intro_body,,,,,
sign_in_onboarding_view_button_log_in,sign_in_onboarding_view_button_log_in,,,,,
sign_in_onboarding_view_button_register,sign_in_onboarding_view_button_register,,,,,
results_solve_view_feedback_recovery_title,results_solve_view_feedback_recovery_title,,,,,
results_solve_view_feedback_mindset_shifter_title,results_solve_view_feedback_mindset_shifter_title,,,,,
my_qot_view_my_library_title,my_qot_view_my_library_title,,,,,
my_qot_my_library_view_title_all,my_qot_my_library_view_title_all,,,,,
my_qot_my_library_view_title_bookmarks,my_qot_my_library_view_title_bookmarks,,,,,
my_qot_my_library_view_title_downloads,my_qot_my_library_view_title_downloads,,,,,
my_qot_my_library_view_title_links,my_qot_my_library_view_title_links,,,,,
my_qot_my_library_view_title_notes,my_qot_my_library_view_title_notes,,,,,
my_qot_my_library_view_group_singular_title,my_qot_my_library_view_group_singular_title,,,,,
my_qot_my_library_view_group_plural_title,my_qot_my_library_view_group_plural_title,,,,,
my_qot_my_library_view_group_last_update_title,my_qot_my_library_view_group_last_update_title,,,,,
my_qot_my_plans_event_preps_details_alert_reminder_title,my_qot_my_plans_event_preps_details_alert_reminder_title,,,,,
my_qot_my_plans_event_preps_details_alert_reminder_body,my_qot_my_plans_event_preps_details_alert_reminder_body,,,,,
my_qot_my_plans_event_preps_details_alert_yes_title,my_qot_my_plans_event_preps_details_alert_yes_title,,,,,
my_qot_my_plans_event_preps_details_alert_no_title,my_qot_my_plans_event_preps_details_alert_no_title,,,,,
my_qot_my_profile_app_settings_synced_calender_view_subscribed_title,my_qot_my_profile_app_settings_synced_calender_view_subscribed_title,,,,,
coach_qot_tools_mindset_tools_view_interactive_tool_title,coach_qot_tools_mindset_tools_view_interactive_tool_title,,,,,
my_qot_my_sprints_view_complete_title,my_qot_my_sprints_view_complete_title,,,,,
my_qot_my_sprints_my_sprint_details_view_header_highlights_title,my_qot_my_sprints_my_sprint_details_view_header_highlights_title,,,,,
my_qot_my_sprints_my_sprint_details_view_header_strategies_title,my_qot_my_sprints_my_sprint_details_view_header_strategies_title,,,,,
my_qot_my_sprints_my_sprint_details_view_header_benefits_title,my_qot_my_sprints_my_sprint_details_view_header_benefits_title,,,,,
my_qot_my_profile_support_view_support_contact_email_title,my_qot_my_profile_support_view_support_contact_email_title,,,,,
my_qot_my_profile_support_view_support_contact_email_link_title,my_qot_my_profile_support_view_support_contact_email_link_title,,,,,
my_qot_my_library_alert_cancel_download_title,my_qot_my_library_alert_cancel_download_title,,,,,
my_qot_my_library_alert_cancel_download_body,my_qot_my_library_alert_cancel_download_body,,,,,
my_qot_my_library_notes_alert_subtitle,my_qot_my_library_notes_alert_subtitle,,,,,
my_qot_my_library_list_my_profile_title,my_qot_my_library_list_my_profile_title,,,,,
my_qot_my_library_list_my_library_title,my_qot_my_library_list_my_library_title,,,,,
my_qot_my_library_list_my_plans_title,my_qot_my_library_list_my_plans_title,,,,,
my_qot_my_library_list_my_sprints_title,my_qot_my_library_list_my_sprints_title,,,,,
my_qot_my_library_list_my_data_title,my_qot_my_library_list_my_data_title,,,,,
my_qot_my_library_list_my_tbv_title,my_qot_my_library_list_my_tbv_title,,,,,
coach_qot_tools_view_header_title,coach_qot_tools_view_header_title,,,,,
coach_qot_tools_view_header_subtitle,coach_qot_tools_view_header_subtitle,,,,,
coach_qot_tools_view_perfomamce_mindset_title,coach_qot_tools_view_perfomamce_mindset_title,,,,,
coach_qot_tools_view_performance_nutrition_title,coach_qot_tools_view_performance_nutrition_title,,,,,
coach_qot_tools_view_performance_movement_title,coach_qot_tools_view_performance_movement_title,,,,,
coach_qot_tools_view_performance_recovery_title,coach_qot_tools_view_performance_recovery_title,,,,,
coach_qot_tools_view_performace_habituation_title,coach_qot_tools_view_performace_habituation_title,,,,,
coach_view_rule_your_compact_title,coach_view_rule_your_compact_title,,,,,
coach_view_your_next_step_title,coach_view_your_next_step_title,,,,,
coach_view_search_title,coach_view_search_title,,,,,
coach_view_apply_tools_title,coach_view_apply_tools_title,,,,,
coach_view_plan_sprint_title,coach_view_plan_sprint_title,,,,,
coach_view_prepare_event_title,coach_view_prepare_event_title,,,,,
coach_view_solve_problem_title,coach_view_solve_problem_title,,,,,
coach_view_what_youre_looking_title,coach_view_what_youre_looking_title,,,,,
coach_view_access_tools_title,coach_view_access_tools_title,,,,,
coach_view_run_5_day_sprint_title,coach_view_run_5_day_sprint_title,,,,,
coach_view_be_ready_title,coach_view_be_ready_title,,,,,
coach_view_understand_your_struggle_title,coach_view_understand_your_struggle_title,,,,,
payment_view_header_title,payment_view_header_title,,,,,
payment_view_header_subtitle,payment_view_header_subtitle,,,,,
payment_view_header_title_expired,payment_view_header_title_expired,,,,,
payment_view_header_subtitle_expired,payment_view_header_subtitle_expired,,,,,
payment_view_prepared_title,payment_view_prepared_title,,,,,
payment_view_impact_title,payment_view_impact_title,,,,,
payment_view_grow_title,payment_view_grow_title,,,,,
payment_view_data_title,payment_view_data_title,,,,,
payment_view_switch_account_title,payment_view_switch_account_title,,,,,
payment_view_footer_title,payment_view_footer_title,,,,,
payment_view_prepared_subtitle,payment_view_prepared_subtitle,,,,,
payment_view_impact_subtitle,payment_view_impact_subtitle,,,,,
payment_view_grow_subtitle,payment_view_grow_subtitle,,,,,
payment_view_data_subtitle,payment_view_data_subtitle,,,,,
payment_view_switch_account_subtitle,payment_view_switch_account_subtitle,,,,,
payment_view_footer_subtitle,payment_view_footer_subtitle,,,,,
my_qot_my_data_view_ir_title,my_qot_my_data_view_ir_title,,,,,
my_qot_my_data_view_heatmap_title,my_qot_my_data_view_heatmap_title,,,,,
my_qot_my_data_view_ir_body,my_qot_my_data_view_ir_body,,,,,
my_qot_my_data_view_heatmap_body,my_qot_my_data_view_heatmap_body,,,,,
my_qot_my_data_view_ir_button,my_qot_my_data_view_ir_button,,,,,
my_qot_my_data_view_ir_5_day_button,my_qot_my_data_view_ir_5_day_button,,,,,
my_qot_my_data_view_ir_average_title,my_qot_my_data_view_ir_average_title,,,,,
my_qot_my_data_view_heatmap_high_title,my_qot_my_data_view_heatmap_high_title,,,,,
my_qot_my_data_view_heatmap_low_title,my_qot_my_data_view_heatmap_low_title,,,,,
my_qot_my_data_edit_title,my_qot_my_data_edit_title,,,,,
my_qot_my_data_edit_subtitle,my_qot_my_data_edit_subtitle,,,,,
my_qot_my_data_edit_sql_title,my_qot_my_data_edit_sql_title,,,,,
my_qot_my_data_edit_sqn_title,my_qot_my_data_edit_sqn_title,,,,,
my_qot_my_data_edit_ten_dl_title,my_qot_my_data_edit_ten_dl_title,,,,,
my_qot_my_data_edit_five_drr_title,my_qot_my_data_edit_five_drr_title,,,,,
my_qot_my_data_edit_five_drl_title,my_qot_my_data_edit_five_drl_title,,,,,
my_qot_my_data_edit_five_dir_title,my_qot_my_data_edit_five_dir_title,,,,,
my_qot_my_data_edit_ir_title,my_qot_my_data_edit_ir_title,,,,,
my_qot_my_data_edit_from_healthkit_title,my_qot_my_data_edit_from_healthkit_title,,,,,
my_qot_my_data_info_sql_title,my_qot_my_data_info_sql_title,,,,,
my_qot_my_data_info_sqn_title,my_qot_my_data_info_sqn_title,,,,,
my_qot_my_data_info_ten_dl_title,my_qot_my_data_info_ten_dl_title,,,,,
my_qot_my_data_info_five_drr_title,my_qot_my_data_info_five_drr_title,,,,,
my_qot_my_data_info_five_drl_title,my_qot_my_data_info_five_drl_title,,,,,
my_qot_my_data_info_five_dir_title,my_qot_my_data_info_five_dir_title,,,,,
my_qot_my_data_info_ir_title,my_qot_my_data_info_ir_title,,,,,
my_qot_my_data_info_sql_subtitle,my_qot_my_data_info_sql_subtitle,,,,,
my_qot_my_data_info_sqn_subtitle,my_qot_my_data_info_sqn_subtitle,,,,,
my_qot_my_data_info_ten_dl_subtitle,my_qot_my_data_info_ten_dl_subtitle,,,,,
my_qot_my_data_info_five_drr_subtitle,my_qot_my_data_info_five_drr_subtitle,,,,,
my_qot_my_data_info_five_drl_subtitle,my_qot_my_data_info_five_drl_subtitle,,,,,
my_qot_my_data_info_five_dir_subtitle,my_qot_my_data_info_five_dir_subtitle,,,,,
my_qot_my_data_info_ir_subtitle,my_qot_my_data_info_ir_subtitle,,,,,
search_suggestion_view_self_image_subtitle,search_suggestion_view_self_image_subtitle,,,,,
search_suggestion_view_daily_prep_subtitle,search_suggestion_view_daily_prep_subtitle,,,,,
search_suggestion_view_no_excuse_subtitle,search_suggestion_view_no_excuse_subtitle,,,,,
search_suggestion_view_build_capacity_subtitle,search_suggestion_view_build_capacity_subtitle,,,,,
search_suggestion_view_sleep_ritual_subtitle,search_suggestion_view_sleep_ritual_subtitle,,,,,
search_suggestion_view_power_nap_subtitle,search_suggestion_view_power_nap_subtitle,,,,,
search_suggestion_view_mindset_shifter_subtitle,search_suggestion_view_mindset_shifter_subtitle,,,,,
search_suggestion_view_reframe_subtitle,search_suggestion_view_reframe_subtitle,,,,,
search_suggestion_view_breathing_subtitle,search_suggestion_view_breathing_subtitle,,,,,
search_suggestion_view_hp_snacks_subtitle,search_suggestion_view_hp_snacks_subtitle,,,,,
search_suggestion_view_brain_performance_subtitle,search_suggestion_view_brain_performance_subtitle,,,,,
search_suggestion_view_work_to_home_subtitle,search_suggestion_view_work_to_home_subtitle,,,,,
search_suggestion_view_travel_subtitle,search_suggestion_view_travel_subtitle,,,,,
search_view_suggestion_title,search_view_suggestion_title,,,,,
my_qot_my_profile_app_settings_synced_calendar_view_title,my_qot_my_profile_app_settings_synced_calendar_view_title,,,,,
my_qot_my_profile_app_settings_synced_calendar_view_subtitle,my_qot_my_profile_app_settings_synced_calendar_view_subtitle,,,,,
know_view_55_impact_title,know_view_55_impact_title,,,,,
know_view_learn_strategies_subtitle,know_view_learn_strategies_subtitle,,,,,
know_view_whats_hot_title,know_view_whats_hot_title,,,,,
know_view_curated_content_subtitle,know_view_curated_content_subtitle,,,,,
walkthrough_view_search_title,walkthrough_view_search_title,,,,,
walkthrough_view_coach_title,walkthrough_view_coach_title,,,,,
walkthrough_view_swipe_title,walkthrough_view_swipe_title,,,,,
my_qot_my_data_view_data_impact_title,my_qot_my_data_view_data_impact_title,,,,,
generic_view_done_title,generic_view_done_title,,,,,
my_qot_my_tbv_edit_placeholder_title,my_qot_my_tbv_edit_placeholder_title,,,,,
my_qot_my_tbv_edit_description_placeholder_title,my_qot_my_tbv_edit_description_placeholder_title,,,,,
my_qot_my_tbv_view_headline_title,my_qot_my_tbv_view_headline_title,,,,,
my_qot_my_profile_alert_continue_button,my_qot_my_profile_alert_continue_button,,,,,
my_qot_my_profile_alert_continue_title,my_qot_my_profile_alert_continue_title,,,,,
my_qot_my_profile_alert_continue_body,my_qot_my_profile_alert_continue_body,,,,,
my_qot_my_sprints_view_sprint_in_progress_title,my_qot_my_sprints_view_sprint_in_progress_title,,,,,
create_account_general_error_title,create_account_general_error_title,,,,,
login_alert_device_title,login_alert_device_title,,,,,
login_alert_device_body,login_alert_device_body,,,,,
login_alert_device_got_it_button,login_alert_device_got_it_button,,,,,
my_qot_my_profile_about_tignum_view_title,my_qot_my_profile_about_tignum_view_title,,,,,
my_qot_my_profile_about_tignum_view_qot_benefits_title,my_qot_my_profile_about_tignum_view_qot_benefits_title,,,,,
my_qot_my_profile_about_tignum_view_about_tignum_title,my_qot_my_profile_about_tignum_view_about_tignum_title,,,,,
my_qot_my_profile_about_tignum_view_privacy_title,my_qot_my_profile_about_tignum_view_privacy_title,,,,,
my_qot_my_profile_about_tignum_view_conditions_title,my_qot_my_profile_about_tignum_view_conditions_title,,,,,
my_qot_my_profile_about_tignum_view_copyright_title,my_qot_my_profile_about_tignum_view_copyright_title,,,,,
my_qot_my_profile_about_tignum_view_qot_benefits_subtitle,my_qot_my_profile_about_tignum_view_qot_benefits_subtitle,,,,,
my_qot_my_profile_about_tignum_view_about_tignum_subtitle,my_qot_my_profile_about_tignum_view_about_tignum_subtitle,,,,,
my_qot_my_profile_about_tignum_view_privacy_subtitle,my_qot_my_profile_about_tignum_view_privacy_subtitle,,,,,
my_qot_my_profile_about_tignum_view_conditions_subtitle,my_qot_my_profile_about_tignum_view_conditions_subtitle,,,,,
my_qot_my_profile_about_tignum_view_copyright_subtitle,my_qot_my_profile_about_tignum_view_copyright_subtitle,,,,,
my_qot_my_profile_account_settings_view_title,my_qot_my_profile_account_settings_view_title,,,,,
my_qot_my_profile_account_settings_view_contact_title,my_qot_my_profile_account_settings_view_contact_title,,,,,
my_qot_my_profile_account_settings_view_year_of_birth_title,my_qot_my_profile_account_settings_view_year_of_birth_title,,,,,
my_qot_my_profile_account_settings_view_personal_data_title,my_qot_my_profile_account_settings_view_personal_data_title,,,,,
my_qot_my_profile_account_settings_view_account_title,my_qot_my_profile_account_settings_view_account_title,,,,,
my_qot_my_profile_account_settings_view_change_password_title,my_qot_my_profile_account_settings_view_change_password_title,,,,,
my_qot_my_profile_account_settings_view_protect_your_account_title,my_qot_my_profile_account_settings_view_protect_your_account_title,,,,,
my_qot_my_profile_account_settings_view_logout_title,my_qot_my_profile_account_settings_view_logout_title,,,,,
my_qot_my_profile_account_settings_view_deleting_your_account_title,my_qot_my_profile_account_settings_view_deleting_your_account_title,,,,,
my_qot_my_profile_app_settings_view_general_settings_title,my_qot_my_profile_app_settings_view_general_settings_title,,,,,
my_qot_my_profile_app_settings_view_custom_settings_title,my_qot_my_profile_app_settings_view_custom_settings_title,,,,,
my_qot_my_profile_app_settings_view_notification_title,my_qot_my_profile_app_settings_view_notification_title,,,,,
my_qot_my_profile_app_settings_view_notification_subtitle,my_qot_my_profile_app_settings_view_notification_subtitle,,,,,
my_qot_my_profile_app_settings_view_permission_title,my_qot_my_profile_app_settings_view_permission_title,,,,,
my_qot_my_profile_app_settings_view_permission_subtitle,my_qot_my_profile_app_settings_view_permission_subtitle,,,,,
my_qot_my_profile_app_settings_view_sync_calendar_title,my_qot_my_profile_app_settings_view_sync_calendar_title,,,,,
my_qot_my_profile_app_settings_view_sync_calendar_subtitle,my_qot_my_profile_app_settings_view_sync_calendar_subtitle,,,,,
my_qot_my_profile_app_settings_view_activity_trackers_title,my_qot_my_profile_app_settings_view_activity_trackers_title,,,,,
my_qot_my_profile_app_settings_view_activity_trackers_subtitle,my_qot_my_profile_app_settings_view_activity_trackers_subtitle,,,,,
my_qot_my_profile_app_settings_view_siri_title,my_qot_my_profile_app_settings_view_siri_title,,,,,
my_qot_my_profile_app_settings_view_siri_subtitle,my_qot_my_profile_app_settings_view_siri_subtitle,,,,,
my_qot_my_profile_account_settings_edit_title,my_qot_my_profile_account_settings_edit_title,,,,,
my_qot_my_profile_account_settings_edit_contact_title,my_qot_my_profile_account_settings_edit_contact_title,,,,,
my_qot_my_profile_account_settings_edit_name_title,my_qot_my_profile_account_settings_edit_name_title,,,,,
my_qot_my_profile_account_settings_edit_surname_title,my_qot_my_profile_account_settings_edit_surname_title,,,,,
my_qot_my_profile_account_settings_edit_year_title,my_qot_my_profile_account_settings_edit_year_title,,,,,
my_qot_my_profile_view_member_since_title,my_qot_my_profile_view_member_since_title,,,,,
my_qot_my_profile_view_my_profile_title,my_qot_my_profile_view_my_profile_title,,,,,
my_qot_my_profile_view_account_settings_title,my_qot_my_profile_view_account_settings_title,,,,,
my_qot_my_profile_view_profile_details_title,my_qot_my_profile_view_profile_details_title,,,,,
my_qot_my_profile_view_app_settings_title,my_qot_my_profile_view_app_settings_title,,,,,
my_qot_my_profile_view_enable_notification_title,my_qot_my_profile_view_enable_notification_title,,,,,
my_qot_my_profile_view_support_title,my_qot_my_profile_view_support_title,,,,,
my_qot_my_profile_view_walkthrough_title,my_qot_my_profile_view_walkthrough_title,,,,,
my_qot_my_profile_view_about_us_title,my_qot_my_profile_view_about_us_title,,,,,
my_qot_about_view_about_us_title,my_qot_about_view_about_us_title,,,,,
my_qot_my_profile_view_learn_more_title,my_qot_my_profile_view_learn_more_title,,,,,
my_qot_my_tbv_view_syncing_title,my_qot_my_tbv_view_syncing_title,,,,,
my_qot_my_tbv_view_not_rated_title,my_qot_my_tbv_view_not_rated_title,,,,,
my_qot_my_tbv_view_null_state_title,my_qot_my_tbv_view_null_state_title,,,,,
my_qot_my_tbv_view_null_state_subtitle,my_qot_my_tbv_view_null_state_subtitle,,,,,
my_qot_my_tbv_view_vision_subtitle,my_qot_my_tbv_view_vision_subtitle,,,,,
my_qot_my_tbv_edit_vision_subtitle,my_qot_my_tbv_edit_vision_subtitle,,,,,
my_qot_my_profile_app_settings_activity_trackers_view_title,my_qot_my_profile_app_settings_activity_trackers_view_title,,,,,
my_qot_my_profile_app_settings_activity_trackers_view_sensor_title,my_qot_my_profile_app_settings_activity_trackers_view_sensor_title,,,,,
my_qot_my_profile_app_settings_siri_shortcuts_view_tobevision_title,my_qot_my_profile_app_settings_siri_shortcuts_view_tobevision_title,,,,,
my_qot_my_profile_app_settings_siri_shortcuts_view_whatshot_title,my_qot_my_profile_app_settings_siri_shortcuts_view_whatshot_title,,,,,
my_qot_my_profile_app_settings_siri_shortcuts_view_daily_prep_title,my_qot_my_profile_app_settings_siri_shortcuts_view_daily_prep_title,,,,,
my_qot_my_profile_app_settings_siri_shortcuts_view_explanation_title,my_qot_my_profile_app_settings_siri_shortcuts_view_explanation_title,,,,,
my_qot_my_profile_app_settings_siri_shortcuts_view_tobevision_body,my_qot_my_profile_app_settings_siri_shortcuts_view_tobevision_body,,,,,
my_qot_my_profile_app_settings_siri_shortcuts_view_whatshot_body,my_qot_my_profile_app_settings_siri_shortcuts_view_whatshot_body,,,,,
my_qot_my_profile_app_settings_siri_shortcuts_view_daily_prep_body,my_qot_my_profile_app_settings_siri_shortcuts_view_daily_prep_body,,,,,
my_qot_my_profile_support_view_support_title,my_qot_my_profile_support_view_support_title,,,,,
my_qot_my_profile_support_view_support_subtitle,my_qot_my_profile_support_view_support_subtitle,,,,,
my_qot_my_profile_support_view_feature_subtitle,my_qot_my_profile_support_view_feature_subtitle,,,,,
my_qot_my_profile_support_view_tutorial_subtitle,my_qot_my_profile_support_view_tutorial_subtitle,,,,,
my_qot_my_profile_support_view_faq_subtitle,my_qot_my_profile_support_view_faq_subtitle,,,,,
my_qot_my_profile_support_view_feature_title,my_qot_my_profile_support_view_feature_title,,,,,
my_qot_my_profile_support_view_tutorial_title,my_qot_my_profile_support_view_tutorial_title,,,,,
my_qot_my_profile_support_view_contact_support_title,my_qot_my_profile_support_view_contact_support_title,,,,,
my_qot_my_profile_support_view_faq_title,my_qot_my_profile_support_view_faq_title,,,,,
my_qot_my_profile_support_faq_view_title,my_qot_my_profile_support_faq_view_title,,,,,
my_qot_my_profile_support_view_using_qot_title,my_qot_my_profile_support_view_using_qot_title,,,,,
my_qot_my_profile_support_using_qot_view_title,my_qot_my_profile_support_using_qot_view_title,,,,,
my_qot_my_tbv_my_tbv_data_view_title,my_qot_my_tbv_my_tbv_data_view_title,,,,,
my_qot_my_tbv_my_tbv_data_view_subtitle,my_qot_my_tbv_my_tbv_data_view_subtitle,,,,,
my_qot_my_tbv_my_tbv_data_view_my_tbv_title,my_qot_my_tbv_my_tbv_data_view_my_tbv_title,,,,,
my_qot_my_tbv_my_tbv_data_empty_header_title,my_qot_my_tbv_my_tbv_data_empty_header_title,,,,,
my_qot_my_tbv_my_tbv_data_empty_header_description_title,my_qot_my_tbv_my_tbv_data_empty_header_description_title,,,,,
my_qot_my_tbv_my_tbv_data_empty_title,my_qot_my_tbv_my_tbv_data_empty_title,,,,,
my_qot_my_tbv_my_tbv_data_empty_title_description_title,my_qot_my_tbv_my_tbv_data_empty_title_description_title,,,,,
my_qot_my_tbv_my_tbv_data_view_tracker_title,my_qot_my_tbv_my_tbv_data_view_tracker_title,,,,,
my_qot_my_tbv_my_tbv_data_view_tracker_subtitle,my_qot_my_tbv_my_tbv_data_view_tracker_subtitle,,,,,
my_qot_my_tbv_my_tbv_data_view_graph_title,my_qot_my_tbv_my_tbv_data_view_graph_title,,,,,
shifter_result_view_header_title,shifter_result_view_header_title,,,,,
shifter_result_view_header_subtitle,shifter_result_view_header_subtitle,,,,,
shifter_result_view_trigger_title,shifter_result_view_trigger_title,,,,,
shifter_result_view_reactions_title,shifter_result_view_reactions_title,,,,,
shifter_result_view_neg_to_pos_title,shifter_result_view_neg_to_pos_title,,,,,
shifter_result_view_neg_to_pos_low_title,shifter_result_view_neg_to_pos_low_title,,,,,
shifter_result_view_neg_to_pos_high_title,shifter_result_view_neg_to_pos_high_title,,,,,
shifter_result_view_vision_title,shifter_result_view_vision_title,,,,,
generic_alert_no_internet_title,generic_alert_no_internet_title,,,,,
generic_alert_no_internet_body,generic_alert_no_internet_body,,,,,
prepare_results_view_great_work_title,prepare_results_view_great_work_title,,,,,
coach_preparation_view_button_title_remove,coach_preparation_view_button_title_remove,,,,,
coach_preparation_view_button_title_keep_up,coach_preparation_view_button_title_keep_up,,,,,
coach_preparation_view_title_removed,coach_preparation_view_title_removed,,,,,
coach_preparation_view_body_removed,coach_preparation_view_body_removed,,,,,
ARTICLE_DETAIL,ARTICLE_DETAIL,,,,,
ASKPERMISSION_LOCATION,ASKPERMISSION_LOCATION,,,,,
ASKPERMISSION_CALENDAR,ASKPERMISSION_CALENDAR,,,,,
ASKPERMISSION_CALENDAR_SETTINGS,ASKPERMISSION_CALENDAR_SETTINGS,,,,,
ASKPERMISSION_NOTIFICATION,ASKPERMISSION_NOTIFICATION,,,,,
ASKPERMISSION_NOTIFICATION_SETTINGS,ASKPERMISSION_NOTIFICATION_SETTINGS,,,,,
COACH_MAIN,COACH_MAIN,,,,,
COACH_TOOLS,COACH_TOOLS,,,,,
COACH_TOOLS_LIST,COACH_TOOLS_LIST,,,,,
COACH_TOOLS_ITEM_DETAIL,COACH_TOOLS_ITEM_DETAIL,,,,,
DAILY_BRIEF,DAILY_BRIEF,,,,,
DAILY_BRIEF_CONTENT_COPYRIGHT,DAILY_BRIEF_CONTENT_COPYRIGHT,,,,,
DAILYCHECKIN_QUESTIONS,DAILYCHECKIN_QUESTIONS,,,,,
DAILYCHECKIN_START,DAILYCHECKIN_START,,,,,
DECISIONTREE_3DRECOVERY,DECISIONTREE_3DRECOVERY,,,,,
DECISIONTREE_MINDSETSHIFTER,DECISIONTREE_MINDSETSHIFTER,,,,,
DECISIONTREE_MINDSETSHIFTER_PREPARE,DECISIONTREE_MINDSETSHIFTER_PREPARE,,,,,
DECISIONTREE_MINDSETSHIFTER_RESULTS,DECISIONTREE_MINDSETSHIFTER_RESULTS,,,,,
DECISIONTREE_ONBOARDING_TOBEVISIONGENERATOR,DECISIONTREE_ONBOARDING_TOBEVISIONGENERATOR,,,,,
DECISIONTREE_PREPARE,DECISIONTREE_PREPARE,,,,,
DECISIONTREE_PREPARE_EDIT_BENEFITS,DECISIONTREE_PREPARE_EDIT_BENEFITS,,,,,
DECISIONTREE_PREPARE_EDIT_INTENTIONS_FEEL,DECISIONTREE_PREPARE_EDIT_INTENTIONS_FEEL,,,,,
DECISIONTREE_PREPARE_EDIT_INTENTIONS_KNOW,DECISIONTREE_PREPARE_EDIT_INTENTIONS_KNOW,,,,,
DECISIONTREE_PREPARE_EDIT_INTENTIONS_PERCEIVED,DECISIONTREE_PREPARE_EDIT_INTENTIONS_PERCEIVED,,,,,
DECISIONTREE_MINDSETSHIFTER_TOBEVISIONGENERATOR,DECISIONTREE_MINDSETSHIFTER_TOBEVISIONGENERATOR,,,,,
DECISIONTREE_SOLVE_TOBEVISIONGENERATOR,DECISIONTREE_SOLVE_TOBEVISIONGENERATOR,,,,,
DECISIONTREE_PREPARE_TOBEVISIONGENERATOR,DECISIONTREE_PREPARE_TOBEVISIONGENERATOR,,,,,
DECISIONTREE_SOLVE,DECISIONTREE_SOLVE,,,,,
DECISIONTREE_SPRINT,DECISIONTREE_SPRINT,,,,,
DECISIONTREE_SPRINT_REFLECTION,DECISIONTREE_SPRINT_REFLECTION,,,,,
DECISIONTREE_TOBEVISIONGENERATOR,DECISIONTREE_TOBEVISIONGENERATOR,,,,,
FULLSCREEN_AUDIOPLAYER,FULLSCREEN_AUDIOPLAYER,,,,,
FULLSCREEN_VIDEOPLAYER,FULLSCREEN_VIDEOPLAYER,,,,,
FULLSCREEN_PDF_READER,FULLSCREEN_PDF_READER,,,,,
KNOW_FEED,KNOW_FEED,,,,,
KNOW_FEED_STRATEGY,KNOW_FEED_STRATEGY,,,,,
LANDINGPAGE,LANDINGPAGE,,,,,
MYLIBRARY,MYLIBRARY,,,,,
MYLIBRARY_ALL,MYLIBRARY_ALL,,,,,
MYLIBRARY_BOOKMARKS,MYLIBRARY_BOOKMARKS,,,,,
MYLIBRARY_DOWNLOADS,MYLIBRARY_DOWNLOADS,,,,,
MYLIBRARY_LINKS,MYLIBRARY_LINKS,,,,,
MYLIBRARY_NOTES,MYLIBRARY_NOTES,,,,,
MYLIBRARY_NOTES_NEWNOTE,MYLIBRARY_NOTES_NEWNOTE,,,,,
MYLIBRARY_NOTES_SAVEDNOTE,MYLIBRARY_NOTES_SAVEDNOTE,,,,,
MYPROFILE_ABOUTUS,MYPROFILE_ABOUTUS,,,,,
MYPROFILE_ACCOUNTSETTINGS,MYPROFILE_ACCOUNTSETTINGS,,,,,
MYPROFILE_ACCOUNTSETTINGS_EDIT,MYPROFILE_ACCOUNTSETTINGS_EDIT,,,,,
MYPROFILE_APPSETTINGS,MYPROFILE_APPSETTINGS,,,,,
MYPROFILE_APPSETTINGS_ACTIVITYTRACKERS,MYPROFILE_APPSETTINGS_ACTIVITYTRACKERS,,,,,
MYPROFILE_APPSETTINGS_SIRISHORTCUTS,MYPROFILE_APPSETTINGS_SIRISHORTCUTS,,,,,
MYPROFILE_APPSETTINGS_SYNCEDCALENDARS,MYPROFILE_APPSETTINGS_SYNCEDCALENDARS,,,,,
MYPROFILE_HOME,MYPROFILE_HOME,,,,,
MYPROFILE_SUPPORT,MYPROFILE_SUPPORT,,,,,
MYPROFILE_SUPPORT_FAQ,MYPROFILE_SUPPORT_FAQ,,,,,
MYPROFILE_SUPPORT_USING_QOT,MYPROFILE_SUPPORT_USING_QOT,,,,,
MYPROFILE_SUPPORT_TUTORIAL,MYPROFILE_SUPPORT_TUTORIAL,,,,,
MYQOT_MAIN,MYQOT_MAIN,,,,,
MYQOT_MYDATA,MYQOT_MYDATA,,,,,
MYQOT_MYDATA_HEATMAP_INFO,MYQOT_MYDATA_HEATMAP_INFO,,,,,
MYQOT_MYDATA_IMPACT_INFO,MYQOT_MYDATA_IMPACT_INFO,,,,,
MYQOT_MYDATA_LINESELECTION,MYQOT_MYDATA_LINESELECTION,,,,,
MYQOT_MYPREPS,MYQOT_MYPREPS,,,,,
MYQOT_MYSPRINTS,MYQOT_MYSPRINTS,,,,,
MYQOT_MYSPRINTS_SPRINT_DETAIL,MYQOT_MYSPRINTS_SPRINT_DETAIL,,,,,
ONBOARDING_CREATEACCOUNT,ONBOARDING_CREATEACCOUNT,,,,,
ONBOARDING_CREATEACCOUNT_ACTIVATIONCODE,ONBOARDING_CREATEACCOUNT_ACTIVATIONCODE,,,,,
ONBOARDING_CREATEACCOUNT_BIRTHDATE,ONBOARDING_CREATEACCOUNT_BIRTHDATE,,,,,
ONBOARDING_CREATEACCOUNT_EMAIL,ONBOARDING_CREATEACCOUNT_EMAIL,,,,,
ONBOARDING_CREATEACCOUNT_NAME,ONBOARDING_CREATEACCOUNT_NAME,,,,,
ONBOARDING_CREATEACCOUNT_WELCOME,ONBOARDING_CREATEACCOUNT_WELCOME,,,,,
PREPARE_RESULT_ADD_REMOVE_STRATEGIES,PREPARE_RESULT_ADD_REMOVE_STRATEGIES,,,,,
PREPARE_RESULTS,PREPARE_RESULTS,,,,,
PREPARE_MISSING_EVENT,PREPARE_MISSING_EVENT,,,,,
SEARCH_MAIN,SEARCH_MAIN,,,,,
SOLVE_RESULTS,SOLVE_RESULTS,,,,,
TOBEVISION,TOBEVISION,,,,,
TOBEVISION_MY_TBV_DATA,TOBEVISION_MY_TBV_DATA,,,,,
TOBEVISION_EDIT,TOBEVISION_EDIT,,,,,
TOBEVISION_TRACKER_QUESTIONAIRE,TOBEVISION_TRACKER_QUESTIONAIRE,,,,,
TOBEVISION_TRACKER_RESULTS,TOBEVISION_TRACKER_RESULTS,,,,,
TOBEVISION_TRACKER_TBVTRACKER,TOBEVISION_TRACKER_TBVTRACKER,,,,,
WALKTHROUGH_SEARCH,WALKTHROUGH_SEARCH,,,,,
WALKTHROUGH_COACH,WALKTHROUGH_COACH,,,,,
WALKTHROUGH_SWIPE,WALKTHROUGH_SWIPE,,,,,
SLEEP_QUANTITY_CUSTOMIZE_TARGET,SLEEP_QUANTITY_CUSTOMIZE_TARGET,,,,,
ONBOARDING_LOGIN,ONBOARDING_LOGIN,,,,,